id	output
{"blockNumber":47089963,"chainId":100}	1783476025
{"blockNumber":47089943,"chainId":100}	1783475925
{"blockNumber":47089953,"chainId":100}	1783475975
{"blockNumber":47089993,"chainId":100}	1783476180
{"blockNumber":47089983,"chainId":100}	1783476125
{"blockNumber":47090033,"chainId":100}	1783476380
{"blockNumber":47090003,"chainId":100}	1783476230
{"blockNumber":47090023,"chainId":100}	1783476330
{"blockNumber":47090013,"chainId":100}	1783476280
{"blockNumber":47089973,"chainId":100}	1783476075
{"blockNumber":47090113,"chainId":100}	1783476790
{"blockNumber":47090053,"chainId":100}	1783476485
{"blockNumber":47090063,"chainId":100}	1783476535
{"blockNumber":47090123,"chainId":100}	1783476840
{"blockNumber":47090043,"chainId":100}	1783476430
{"blockNumber":47090073,"chainId":100}	1783476585
{"blockNumber":47090103,"chainId":100}	1783476740
{"blockNumber":47090083,"chainId":100}	1783476635
{"blockNumber":47090093,"chainId":100}	1783476685
{"blockNumber":47090133,"chainId":100}	1783476890
{"blockNumber":47090143,"chainId":100}	1783476940
{"blockNumber":47097323,"chainId":100}	1783513705
{"blockNumber":25487849,"chainId":1}	1783513691
{"blockNumber":25487853,"chainId":1}	1783513739
{"blockNumber":47097333,"chainId":100}	1783513760
{"blockNumber":25487857,"chainId":1}	1783513787
{"blockNumber":47097343,"chainId":100}	1783513815
{"blockNumber":25487861,"chainId":1}	1783513835
{"blockNumber":47097353,"chainId":100}	1783513865
{"blockNumber":25487865,"chainId":1}	1783513883
{"blockNumber":47097363,"chainId":100}	1783513915
{"blockNumber":25487869,"chainId":1}	1783513931
{"blockNumber":47097373,"chainId":100}	1783513965
